{
    "products" : [
        {
            "productName" : "T-Shirt",
            "price" :"1000",
            "description" :"Our brand has been designed to be compatible with our customers.",
            "image" : "ab.jpg",
            "productID" : "ft2d3skyq4u"
        },
        {
            "productName" : "Jeans",
            "price" :"2000",
            "description" :"Our brand has been designed to be compatible with our customers.",
            "image" : "cd.jpg",
            "productID" : "gt2d3skyq4u"
        },
        {
            "productName" : "Kurta",
            "price" :"3000",
            "description" :"Our brand has been designed to be compatible with our customers.",
            "image" : "xy.jpg",
            "productID" : "ht2d3skyq4u"
        }
    ]
}